schema_name,table_name,table_column
Procurement_Analysis_NRS,v_fact_purch_ord_line,purch_doc_nbr
Procurement_Analysis_NRS,v_fact_purch_ord_line,purch_doc_line_nbr
Procurement_Analysis_NRS,v_fact_purch_ord_line,purch_doc_line_del_ind
Procurement_Analysis_NRS,v_fact_purch_ord_line,purch_ord_line_cls_ind
Procurement_Analysis_NRS,v_fact_purch_ord_line,gds_rcpt_ind
Procurement_Analysis_NRS,v_fact_purch_ord_line,purch_line_rcv_sts_cd
Procurement_Analysis_NRS,v_fact_purch_ord_line,purch_line_invc_sts_cd
Procurement_Analysis_NRS,v_fact_purch_ord_line,purch_doc_rqstr_uid
Procurement_Analysis_NRS,v_fact_purch_ord_line,cfm_ctrl_cd
Procurement_Analysis_NRS,v_fact_purch_ord_line,strg_loc_id
Procurement_Analysis_NRS,v_fact_purch_ord_line,plnt_nm
Procurement_Analysis_NRS,v_fact_purch_ord_line,strg_loc_dsc
Procurement_Analysis_NRS,v_fact_purch_ord_line,frst_seq_cost_centr_char_nbr
Procurement_Analysis_NRS,v_fact_purch_ord_line,purch_doc_line_qty
Procurement_Analysis_NRS,v_fact_purch_ord_line,purch_doc_line_uom_cd
Procurement_Analysis_NRS,v_fact_purch_ord_line,purch_doc_line_shrt_dsc
Procurement_Analysis_NRS,v_fact_purch_ord_line,mtrl_id
Procurement_Analysis_NRS,v_fact_purch_ord_line,supl_mtrl_nbr
Procurement_Analysis_NRS,v_fact_purch_ord_line,mtrl_grp_cd
Procurement_Analysis_NRS,v_fact_purch_ord_line,mtrl_grp_dsc
Procurement_Analysis_NRS,v_fact_purch_ord_line,purch_line_net_prc_trns_amt
Procurement_Analysis_NRS,v_fact_purch_ord_line,purch_line_net_prc_usd_amt
Procurement_Analysis_NRS,v_fact_purch_ord_line,prc_un_cnt
Procurement_Analysis_NRS,v_fact_purch_ord_line,purch_line_net_trns_amt
Procurement_Analysis_NRS,v_fact_purch_ord_line,purch_line_net_usd_amt
Procurement_Analysis_NRS,v_fact_purch_ord_line,purch_line_rcv_qty
Procurement_Analysis_NRS,v_fact_purch_ord_line,purch_line_ostdng_qty
Procurement_Analysis_NRS,v_fact_purch_ord_line,purch_line_invc_qty
Procurement_Analysis_NRS,v_fact_purch_ord_line,purch_line_rcpt_trns_amt
Procurement_Analysis_NRS,v_fact_purch_ord_line,purch_line_rcpt_usd_amt
Procurement_Analysis_NRS,v_fact_purch_ord_line,purch_line_invc_trns_amt
Procurement_Analysis_NRS,v_fact_purch_ord_line,purch_line_invc_usd_amt
Procurement_Analysis_NRS,v_fact_purch_ord_line,purch_line_paid_trns_amt
Procurement_Analysis_NRS,v_fact_purch_ord_line,purch_line_paid_usd_amt
Procurement_Analysis_NRS,v_fact_purch_ord_line,dlvr_dt
Procurement_Analysis_NRS,v_fact_purch_ord_line,stats_dlvr_dt
Procurement_Analysis_NRS,v_fact_purch_ord_line,po_line_dwn_pmt_rgst_trns_amt
Procurement_Analysis_NRS,v_fact_purch_ord_line,purch_line_gds_rcpt_late_ind
Procurement_Analysis_NRS,v_fact_purch_ord_line,purch_line_last_rcpt_dt
Procurement_Analysis_NRS,v_fact_purch_ord_line,frst_seq_gl_acct_char_nbr
Procurement_Analysis_NRS,v_fact_purch_ord_line,last_invc_post_dt
Procurement_Analysis_NRS,v_fact_purch_ord_line,last_pmt_dt
Procurement_Analysis_NRS,v_fact_purch_ord_line,purch_line_cre_dt
Procurement_Analysis_NRS,v_fact_purch_ord_line,src_sys_nm
Procurement_Analysis_NRS,v_fact_purch_ord_line,ord_fr_supl_id
Procurement_Analysis_NRS,v_fact_purch_ord_hdr,purch_doc_nbr
Procurement_Analysis_NRS,v_fact_purch_ord_hdr,purch_doc_cre_dt
Procurement_Analysis_NRS,v_fact_purch_ord_hdr,rlse_ind
Procurement_Analysis_NRS,v_fact_purch_ord_hdr,purch_doc_cre_uid
Procurement_Analysis_NRS,v_fact_purch_ord_hdr,purch_grp_cd
Procurement_Analysis_NRS,v_fact_purch_ord_hdr,purch_org_cd
Procurement_Analysis_NRS,v_fact_purch_ord_hdr,purch_org_nm
Procurement_Analysis_NRS,v_fact_purch_ord_hdr,co_cd
Procurement_Analysis_NRS,v_fact_purch_ord_hdr,co_nm
Procurement_Analysis_NRS,v_fact_purch_rqsit,purch_rqsit_nbr
Procurement_Analysis_NRS,v_fact_purch_rqsit,purch_rqsit_line_nbr
Procurement_Analysis_NRS,v_fact_purch_rqsit,purch_rqsit_line_del_ind
Procurement_Analysis_NRS,v_fact_purch_rqsit,purch_rqsit_line_sts_cd
Procurement_Analysis_NRS,v_fact_purch_rqsit,purch_rqsit_cre_dt
Procurement_Analysis_NRS,v_fact_purch_rqsit,purch_rqsit_rgstr_uid
PROCUREMENT,v_purch_rqsit_CRS,purch_rqsit_nbr
PROCUREMENT,v_purch_rqsit_CRS,purch_rqsit_line_nbr
PROCUREMENT,v_purch_rqsit_CRS,po_nbr
PROCUREMENT,v_purch_rqsit_CRS,purch_rqsit_type_cd
PROCUREMENT,v_purch_rqsit_CRS,rlse_sts_cd
PROCUREMENT,v_purch_rqsit_acct_asgn,cost_centr_cd
Procurement_Analysis,v_fact_supl_invc_hdr,fin_doc_nbr
Procurement_Analysis,v_fact_supl_invc_hdr,fin_doc_post_dt
Procurement_Analysis,v_fact_supl_invc_hdr,fin_doc_type_dsc
Procurement_Analysis,v_fact_supl_invc_hdr,purch_doc_nbr
Procurement_Analysis_NRS,v_fact_supl_invc_exp_line,fin_doc_nbr
Procurement_Analysis_NRS,v_fact_supl_invc_exp_line,purch_doc_nbr
Procurement_Analysis_NRS,v_fact_supl_invc_exp_line,purch_doc_line_nbr
Procurement_Analysis_NRS,v_fact_supl_invc_exp_line,dr_cr_ind
Procurement_Analysis_NRS,v_fact_supl_invc_exp_line,mtrl_invc_line_usd_amt
Procurement_Analysis_NRS,v_fact_supl_invc_exp_line,mtrl_invc_line_trns_amt
Procurement_Analysis_NRS,v_fact_supl_invc_exp_line,gl_acct_nbr
Procurement_Analysis_NRS,v_fact_supl_invc_exp_line,cost_centr_cd
Procurement_Analysis,v_fact_supl_invc_liabty_line,fin_doc_nbr
Procurement_Analysis,v_fact_supl_invc_liabty_line,pmt_due_dt
Procurement_Analysis,v_fact_supl_invc_liabty_line,pmt_bloc_cd
Procurement_Analysis_NRS,v_fact_supl_invc_clr,fin_doc_nbr
Procurement_Analysis_NRS,v_fact_supl_invc_clr,clr_doc_nbr
Procurement_Analysis_NRS,v_fact_supl_invc_clr,paid_trns_amt
Procurement_Analysis_NRS,v_fact_supl_invc_clr,clr_trns_amt
Supplier,v_supl_nm_addr_lfcyc,busns_org_prty_id
Supplier,v_supl_nm_addr_lfcyc,busns_org_nm
SUPPLIER,v_busns_bloc,busns_org_prty_id
SUPPLIER,v_busns_bloc,bloc_type_nm_cmv_id
SUPPLIER,v_dim_supl_hier,supl_id
SUPPLIER,v_dim_supl_hier,supl_nm
PROCUREMENT,v_shop_cart_hdr,shop_cart_nbr
PROCUREMENT,v_shop_cart_hdr,shop_cart_cre_dt
PROCUREMENT,v_shop_cart_itm,shop_cart_nbr
PROCUREMENT,v_shop_cart_itm,prd_dsc
PROCUREMENT,v_shop_cart_aprvr,shop_cart_nbr
PROCUREMENT,v_shop_cart_aprvr,aprv_sts_cd
PROCUREMENT,v_shop_cart_aprvr,src_sys_nm
